{"losses": [14.30023787049908, 14.420690544576445, 15.187063043767756, 14.39273458789931, 14.212469215382297, 15.835913156264922, 15.314980807915575, 14.105946297971359, 13.373450453977407, 14.1645745151397], "params": {"train_graph_folder": "./GAM_Input/Train/", "test_graph_folder": "./GAM_Input/Test/", "prediction_path": "./Experiment_outputs/Experiment_0.csv", "log_path": "./Experiment_logs/Experiment_0.json", "epochs": 10, "step_dimensions": 32, "combined_dimensions": 64, "batch_size": 32, "time": 20, "repetitions": 10, "gamma": 0.99, "learning_rate": 0.001, "weight_decay": 1e-05}, "test_accuracy": 0.5018377155781736}